id,labels,faces
1,20_1_0_20170103175416510.jpg,"[array([[[ 55,  29,  16],
        [ 57,  29,  17],
        [ 61,  31,  20],
        ...,
        [ 95,  47,  24],
        [ 97,  49,  26],
        [100,  52,  29]],

       [[ 57,  29,  17],
        [ 59,  29,  18],
        [ 61,  31,  20],
        ...,
        [ 95,  47,  24],
        [ 98,  50,  27],
        [100,  52,  29]],

       [[ 58,  30,  18],
        [ 60,  30,  19],
        [ 63,  31,  20],
        ...,
        [ 96,  48,  25],
        [ 99,  51,  28],
        [100,  52,  29]],

       ...,

       [[139, 104,  82],
        [125,  93,  70],
        [105,  73,  50],
        ...,
        [ 70,  32,  19],
        [ 70,  32,  19],
        [ 73,  35,  22]],

       [[123,  88,  66],
        [115,  80,  58],
        [ 98,  66,  43],
        ...,
        [ 73,  33,  21],
        [ 71,  31,  19],
        [ 73,  33,  21]],

       [[102,  67,  45],
        [ 96,  61,  39],
        [ 89,  54,  32],
        ...,
        [ 75,  35,  23],
        [ 72,  32,  20],
        [ 74,  34,  22]]], dtype=uint8), array([[[ 65,  33,   8],
        [ 66,  34,   9],
        [ 69,  37,  12],
        ...,
        [111,  65,  29],
        [113,  67,  31],
        [108,  62,  26]],

       [[ 72,  38,  11],
        [ 72,  38,  11],
        [ 74,  40,  13],
        ...,
        [113,  67,  31],
        [105,  59,  23],
        [109,  63,  27]],

       [[ 75,  38,   9],
        [ 76,  39,  10],
        [ 79,  42,  13],
        ...,
        [112,  66,  30],
        [107,  61,  25],
        [113,  67,  31]],

       ...,

       [[ 98,  48,  21],
        [ 99,  49,  22],
        [ 98,  48,  21],
        ...,
        [101,  50,  23],
        [102,  51,  24],
        [106,  55,  28]],

       [[102,  52,  25],
        [103,  53,  26],
        [102,  52,  25],
        ...,
        [100,  49,  22],
        [100,  49,  22],
        [105,  54,  27]],

       [[103,  53,  26],
        [107,  57,  30],
        [106,  56,  29],
        ...,
        [ 96,  45,  18],
        [100,  49,  22],
        [105,  54,  27]]], dtype=uint8), array([[[ 15,   5,   0],
        [ 24,  10,   0],
        [ 24,  10,   0],
        ...,
        [ 44,  14,   4],
        [ 44,  14,   4],
        [ 40,  11,   3]],

       [[ 18,   8,   0],
        [ 27,  13,   0],
        [ 27,  13,   0],
        ...,
        [ 44,  14,   4],
        [ 44,  14,   4],
        [ 41,  11,   3]],

       [[ 19,   7,   0],
        [ 26,  12,   0],
        [ 26,  12,   0],
        ...,
        [ 43,  13,   3],
        [ 43,  13,   3],
        [ 41,  11,   3]],

       ...,

       [[162, 162, 160],
        [162, 162, 160],
        [162, 162, 160],
        ...,
        [ 92,  51,  29],
        [ 92,  51,  29],
        [ 81,  40,  20]],

       [[165, 165, 163],
        [165, 165, 163],
        [165, 165, 163],
        ...,
        [ 92,  50,  26],
        [ 92,  50,  26],
        [ 83,  41,  17]],

       [[165, 165, 163],
        [165, 165, 163],
        [165, 165, 163],
        ...,
        [ 97,  53,  26],
        [ 97,  53,  26],
        [ 88,  44,  19]]], dtype=uint8), array([[[187, 136,  81],
        [187, 136,  81],
        [187, 136,  81],
        ...,
        [ 97,  60,  33],
        [102,  65,  36],
        [109,  70,  39]],

       [[187, 136,  81],
        [187, 136,  81],
        [187, 136,  81],
        ...,
        [ 89,  53,  27],
        [ 98,  61,  34],
        [107,  68,  39]],

       [[187, 136,  81],
        [187, 136,  81],
        [187, 136,  81],
        ...,
        [ 90,  54,  28],
        [ 96,  61,  33],
        [103,  66,  37]],

       ...,

       [[144,  94,  43],
        [144,  94,  43],
        [147,  97,  46],
        ...,
        [ 40,  25,  18],
        [ 39,  24,  17],
        [ 39,  25,  16]],

       [[143,  93,  42],
        [144,  94,  43],
        [147,  97,  46],
        ...,
        [ 40,  25,  18],
        [ 39,  24,  17],
        [ 39,  25,  16]],

       [[144,  94,  43],
        [145,  95,  44],
        [150, 100,  49],
        ...,
        [ 38,  25,  17],
        [ 38,  25,  17],
        [ 37,  24,  15]]], dtype=uint8), array([[[ 33,  29,  26],
        [ 34,  30,  27],
        [ 32,  28,  25],
        ...,
        [105,  94,  92],
        [102,  91,  89],
        [100,  89,  87]],

       [[ 33,  29,  26],
        [ 33,  29,  26],
        [ 28,  24,  21],
        ...,
        [104,  93,  91],
        [ 99,  88,  86],
        [ 94,  83,  81]],

       [[ 30,  26,  23],
        [ 31,  27,  24],
        [ 30,  26,  23],
        ...,
        [ 96,  86,  84],
        [ 97,  87,  85],
        [ 98,  88,  86]],

       ...,

       [[ 79,  56,  40],
        [ 83,  60,  44],
        [ 82,  59,  43],
        ...,
        [ 64,  25,   8],
        [ 63,  24,   7],
        [ 62,  23,   6]],

       [[ 82,  59,  43],
        [ 86,  63,  47],
        [ 83,  62,  45],
        ...,
        [ 70,  32,  13],
        [ 69,  30,  13],
        [ 68,  29,  12]],

       [[ 84,  63,  46],
        [ 76,  55,  38],
        [ 71,  50,  33],
        ...,
        [ 86,  45,  23],
        [ 82,  41,  21],
        [ 78,  37,  17]]], dtype=uint8), array([[[ 81,  44,  25],
        [ 77,  40,  22],
        [ 69,  32,  16],
        ...,
        [137, 101,  65],
        [133,  95,  59],
        [132,  94,  58]],

       [[ 86,  49,  30],
        [ 79,  42,  24],
        [ 70,  33,  17],
        ...,
        [136, 100,  64],
        [133,  95,  59],
        [133,  95,  59]],

       [[ 87,  50,  32],
        [ 77,  40,  24],
        [ 68,  30,  17],
        ...,
        [134,  98,  62],
        [133,  95,  59],
        [134,  96,  60]],

       ...,

       [[ 77,  51,  36],
        [ 64,  42,  28],
        [ 55,  36,  22],
        ...,
        [130,  83,  41],
        [126,  79,  35],
        [127,  80,  36]],

       [[ 75,  49,  32],
        [ 64,  41,  27],
        [ 60,  38,  25],
        ...,
        [125,  78,  36],
        [121,  74,  30],
        [122,  75,  31]],

       [[ 72,  46,  29],
        [ 64,  41,  25],
        [ 64,  42,  28],
        ...,
        [127,  80,  36],
        [122,  75,  31],
        [123,  76,  32]]], dtype=uint8), array([[[116,  91,  60],
        [100,  75,  45],
        [ 92,  67,  37],
        ...,
        [197, 161, 111],
        [202, 168, 120],
        [205, 172, 127]],

       [[112,  87,  56],
        [ 94,  69,  39],
        [ 88,  63,  33],
        ...,
        [198, 162, 112],
        [204, 170, 122],
        [207, 175, 128]],

       [[ 95,  68,  38],
        [ 80,  50,  22],
        [ 86,  56,  28],
        ...,
        [200, 164, 106],
        [204, 169, 113],
        [205, 170, 114]],

       ...,

       [[127,  96,  75],
        [126,  95,  74],
        [126,  95,  74],
        ...,
        [ 68,  43,  21],
        [ 67,  41,  18],
        [ 67,  41,  18]],

       [[126,  95,  74],
        [126,  95,  74],
        [125,  94,  73],
        ...,
        [ 72,  46,  23],
        [ 70,  44,  21],
        [ 69,  43,  20]],

       [[126,  95,  74],
        [125,  94,  73],
        [125,  94,  73],
        ...,
        [ 74,  48,  25],
        [ 72,  46,  23],
        [ 71,  45,  20]]], dtype=uint8), array([[[ 17,  15,  16],
        [ 17,  15,  16],
        [ 17,  15,  16],
        ...,
        [128, 102,  87],
        [128, 102,  87],
        [123, 100,  86]],

       [[ 16,  14,  15],
        [ 16,  14,  15],
        [ 16,  14,  15],
        ...,
        [115,  89,  72],
        [111,  85,  70],
        [102,  79,  63]],

       [[ 16,  14,  15],
        [ 16,  14,  15],
        [ 16,  14,  15],
        ...,
        [111,  85,  68],
        [106,  80,  63],
        [ 94,  71,  55]],

       ...,

       [[  5,   3,   6],
        [  3,   1,   4],
        [  2,   0,   3],
        ...,
        [150,  94,  69],
        [144,  88,  63],
        [144,  88,  61]],

       [[  5,   3,   6],
        [  3,   1,   4],
        [  2,   0,   3],
        ...,
        [150,  94,  69],
        [144,  88,  63],
        [144,  88,  61]],

       [[  7,   2,   6],
        [  3,   1,   4],
        [  2,   0,   3],
        ...,
        [150,  94,  69],
        [145,  89,  64],
        [146,  90,  63]]], dtype=uint8), array([[[153, 149, 101],
        [119, 118,  72],
        [146, 147, 107],
        ...,
        [ 36,  58,  55],
        [  0,  15,  13],
        [  3,  14,  10]],

       [[104, 101,  60],
        [ 78,  78,  44],
        [ 61,  65,  38],
        ...,
        [ 74,  96,  94],
        [ 41,  61,  62],
        [ 20,  35,  38]],

       [[ 95,  98,  71],
        [ 88,  96,  72],
        [ 78,  81,  52],
        ...,
        [  9,  20,  14],
        [ 65,  91,  92],
        [ 77, 116, 123]],

       ...,

       [[222, 237, 240],
        [177, 189, 189],
        [132, 135, 128],
        ...,
        [ 80, 115, 137],
        [105, 141, 165],
        [105, 136, 157]],

       [[198, 209, 213],
        [211, 221, 222],
        [158, 164, 164],
        ...,
        [101, 123, 134],
        [125, 152, 171],
        [116, 144, 166]],

       [[212, 223, 227],
        [207, 217, 219],
        [ 95, 100, 103],
        ...,
        [103, 121, 131],
        [ 95, 121, 138],
        [113, 140, 161]]], dtype=uint8), array([[[16, 18, 17],
        [17, 19, 18],
        [18, 20, 19],
        ...,
        [16, 20, 19],
        [16, 20, 19],
        [19, 23, 22]],

       [[16, 18, 17],
        [23, 25, 24],
        [27, 29, 28],
        ...,
        [24, 28, 27],
        [21, 25, 24],
        [15, 19, 18]],

       [[26, 28, 27],
        [24, 26, 25],
        [27, 29, 28],
        ...,
        [23, 27, 26],
        [25, 29, 28],
        [20, 24, 23]],

       ...,

       [[11, 11, 11],
        [12, 12, 12],
        [16, 16, 16],
        ...,
        [11, 13, 12],
        [14, 16, 15],
        [14, 16, 15]],

       [[ 9,  9,  9],
        [11, 11, 11],
        [15, 15, 15],
        ...,
        [13, 15, 14],
        [13, 15, 14],
        [12, 14, 13]],

       [[ 7,  7,  7],
        [ 9,  9,  9],
        [17, 17, 17],
        ...,
        [14, 16, 15],
        [14, 16, 15],
        [12, 14, 13]]], dtype=uint8), array([[[246, 236, 227],
        [245, 235, 226],
        [245, 235, 226],
        ...,
        [ 14,  12,  25],
        [ 14,  12,  25],
        [ 11,   9,  23]],

       [[247, 237, 228],
        [246, 236, 227],
        [246, 236, 227],
        ...,
        [ 14,  12,  25],
        [ 14,  12,  25],
        [ 11,   9,  23]],

       [[249, 239, 230],
        [247, 237, 228],
        [247, 237, 228],
        ...,
        [ 14,  12,  25],
        [ 14,  12,  25],
        [ 12,  10,  24]],

       ...,

       [[ 15,   8,  16],
        [ 15,   8,  16],
        [ 15,   8,  16],
        ...,
        [ 86,  67,  61],
        [ 86,  67,  61],
        [ 82,  64,  52]],

       [[ 15,   8,  16],
        [ 15,   8,  16],
        [ 15,   8,  16],
        ...,
        [ 87,  68,  62],
        [ 87,  68,  62],
        [ 82,  64,  50]],

       [[ 15,   8,  16],
        [ 16,   9,  17],
        [ 16,   9,  17],
        ...,
        [ 88,  69,  63],
        [ 88,  69,  63],
        [ 83,  65,  51]]], dtype=uint8), array([[[191, 145,  95],
        [187, 139,  90],
        [183, 135,  86],
        ...,
        [201, 158, 113],
        [199, 158, 114],
        [200, 161, 118]],

       [[193, 145,  96],
        [188, 140,  91],
        [173, 123,  74],
        ...,
        [201, 157, 112],
        [197, 154, 111],
        [198, 156, 114]],

       [[191, 143,  94],
        [179, 131,  82],
        [178, 128,  79],
        ...,
        [190, 146, 101],
        [196, 153, 110],
        [203, 160, 117]],

       ...,

       [[224, 178, 119],
        [222, 172, 113],
        [196, 142,  80],
        ...,
        [208, 169, 110],
        [223, 187, 129],
        [224, 188, 130]],

       [[223, 178, 121],
        [223, 177, 118],
        [202, 150,  90],
        ...,
        [218, 179, 122],
        [220, 184, 126],
        [216, 179, 124]],

       [[219, 176, 121],
        [221, 176, 119],
        [206, 156,  95],
        ...,
        [233, 194, 137],
        [219, 182, 127],
        [214, 177, 122]]], dtype=uint8), array([[[127,  94,  51],
        [127,  94,  51],
        [133, 100,  57],
        ...,
        [191, 162, 132],
        [187, 158, 128],
        [181, 152, 122]],

       [[128,  95,  52],
        [128,  95,  52],
        [134, 101,  56],
        ...,
        [195, 166, 136],
        [190, 161, 131],
        [183, 154, 124]],

       [[129,  98,  52],
        [134, 103,  57],
        [141, 110,  64],
        ...,
        [199, 170, 140],
        [194, 165, 135],
        [187, 158, 128]],

       ...,

       [[155, 111,  66],
        [156, 112,  67],
        [154, 109,  67],
        ...,
        [108,  75,  82],
        [106,  74,  77],
        [ 99,  65,  64]],

       [[158, 114,  67],
        [158, 114,  67],
        [156, 112,  67],
        ...,
        [111,  80,  85],
        [108,  76,  77],
        [101,  70,  65]],

       [[157, 113,  64],
        [157, 113,  64],
        [156, 112,  65],
        ...,
        [100,  70,  72],
        [100,  70,  68],
        [103,  72,  67]]], dtype=uint8), array([[[255, 254, 252],
        [253, 253, 253],
        [249, 253, 255],
        ...,
        [ 20,  32,  46],
        [ 15,  27,  39],
        [ 20,  33,  42]],

       [[255, 254, 252],
        [253, 253, 253],
        [249, 253, 255],
        ...,
        [ 13,  29,  42],
        [ 15,  32,  42],
        [ 20,  37,  45]],

       [[255, 254, 252],
        [253, 253, 253],
        [249, 253, 255],
        ...,
        [  8,  24,  37],
        [ 18,  35,  45],
        [ 18,  35,  43]],

       ...,

       [[  1,   1,   3],
        [  1,   1,   3],
        [  1,   0,   5],
        ...,
        [189, 198, 215],
        [109, 117, 140],
        [100, 106, 132]],

       [[  1,   1,   3],
        [  1,   1,   3],
        [  1,   0,   5],
        ...,
        [152, 160, 179],
        [ 96, 102, 126],
        [ 97, 103, 127]],

       [[  1,   1,   3],
        [  1,   1,   3],
        [  1,   0,   5],
        ...,
        [116, 127, 145],
        [ 87,  93, 115],
        [ 91,  96, 118]]], dtype=uint8), array([[[ 17,  12,   9],
        [ 17,  12,   9],
        [ 17,  12,   9],
        ...,
        [198, 173, 116],
        [197, 172, 115],
        [196, 171, 114]],

       [[ 18,  13,  10],
        [ 18,  13,  10],
        [ 18,  13,  10],
        ...,
        [199, 174, 117],
        [199, 174, 117],
        [198, 173, 116]],

       [[ 18,  13,  10],
        [ 19,  14,  11],
        [ 19,  14,  11],
        ...,
        [200, 175, 118],
        [201, 176, 119],
        [200, 175, 118]],

       ...,

       [[ 18,  12,  14],
        [ 19,  13,  15],
        [ 20,  14,  16],
        ...,
        [216, 194, 144],
        [216, 194, 144],
        [216, 194, 144]],

       [[ 17,  11,  13],
        [ 18,  12,  14],
        [ 20,  14,  16],
        ...,
        [216, 194, 144],
        [216, 194, 144],
        [216, 194, 144]],

       [[ 17,  11,  13],
        [ 18,  12,  14],
        [ 20,  14,  16],
        ...,
        [216, 194, 144],
        [216, 194, 144],
        [216, 194, 144]]], dtype=uint8), array([[[ 7,  9, 21],
        [ 8, 10, 22],
        [ 8, 10, 22],
        ...,
        [11, 15, 24],
        [11, 15, 24],
        [13, 17, 26]],

       [[ 7,  9, 21],
        [ 8, 10, 22],
        [ 8, 10, 22],
        ...,
        [ 9, 13, 22],
        [ 9, 13, 22],
        [10, 14, 23]],

       [[ 6,  8, 20],
        [ 7,  9, 21],
        [ 7,  9, 21],
        ...,
        [ 5,  9, 18],
        [ 5,  9, 18],
        [ 7, 11, 20]],

       ...,

       [[ 6,  9, 18],
        [ 6,  9, 18],
        [ 6,  9, 18],
        ...,
        [17, 14, 21],
        [17, 14, 21],
        [42, 39, 46]],

       [[ 6,  9, 18],
        [ 5,  8, 17],
        [ 5,  8, 17],
        ...,
        [18, 15, 22],
        [18, 15, 22],
        [42, 39, 46]],

       [[ 8, 11, 20],
        [ 8, 11, 20],
        [ 8, 11, 20],
        ...,
        [23, 20, 27],
        [23, 20, 27],
        [40, 37, 44]]], dtype=uint8), array([[[ 40,  36,  24],
        [ 40,  37,  22],
        [ 40,  37,  22],
        ...,
        [ 86,  72,  63],
        [ 86,  72,  63],
        [ 86,  72,  63]],

       [[ 40,  37,  22],
        [ 40,  37,  22],
        [ 40,  37,  22],
        ...,
        [ 85,  71,  62],
        [ 84,  70,  61],
        [ 83,  69,  60]],

       [[ 41,  39,  24],
        [ 41,  39,  24],
        [ 41,  39,  24],
        ...,
        [ 89,  75,  66],
        [ 89,  75,  66],
        [ 88,  74,  65]],

       ...,

       [[ 95, 219, 211],
        [103, 220, 214],
        [112, 222, 219],
        ...,
        [234, 212, 198],
        [236, 214, 200],
        [237, 215, 201]],

       [[ 89, 216, 207],
        [ 96, 217, 210],
        [107, 220, 216],
        ...,
        [234, 212, 198],
        [236, 214, 200],
        [237, 215, 201]],

       [[ 57, 209, 197],
        [ 69, 210, 201],
        [ 84, 215, 207],
        ...,
        [231, 214, 198],
        [232, 215, 199],
        [231, 214, 198]]], dtype=uint8), array([[[24, 24, 24],
        [26, 26, 26],
        [26, 26, 26],
        ...,
        [87, 87, 87],
        [87, 87, 87],
        [86, 86, 86]],

       [[23, 23, 23],
        [25, 25, 25],
        [25, 25, 25],
        ...,
        [87, 87, 87],
        [87, 87, 87],
        [87, 87, 87]],

       [[23, 23, 23],
        [25, 25, 25],
        [25, 25, 25],
        ...,
        [85, 85, 85],
        [85, 85, 85],
        [87, 87, 87]],

       ...,

       [[ 8,  8,  8],
        [ 6,  6,  6],
        [ 6,  6,  6],
        ...,
        [25, 25, 25],
        [25, 25, 25],
        [20, 20, 20]],

       [[ 8,  8,  8],
        [ 6,  6,  6],
        [ 6,  6,  6],
        ...,
        [24, 24, 24],
        [24, 24, 24],
        [21, 21, 21]],

       [[ 8,  8,  8],
        [ 7,  7,  7],
        [ 7,  7,  7],
        ...,
        [24, 24, 24],
        [24, 24, 24],
        [23, 23, 23]]], dtype=uint8), array([[[92, 64, 50],
        [89, 61, 47],
        [91, 62, 48],
        ...,
        [34, 19, 12],
        [33, 18, 11],
        [32, 17, 10]],

       [[92, 64, 50],
        [88, 60, 46],
        [90, 61, 47],
        ...,
        [35, 20, 13],
        [33, 18, 11],
        [32, 17, 10]],

       [[96, 68, 54],
        [91, 63, 49],
        [90, 61, 47],
        ...,
        [35, 20, 13],
        [34, 19, 12],
        [31, 16,  9]],

       ...,

       [[97, 69, 57],
        [85, 57, 45],
        [77, 49, 37],
        ...,
        [81, 48, 33],
        [85, 49, 33],
        [86, 49, 33]],

       [[95, 67, 55],
        [83, 55, 43],
        [76, 48, 36],
        ...,
        [81, 48, 33],
        [85, 49, 33],
        [86, 49, 33]],

       [[93, 65, 53],
        [82, 54, 42],
        [74, 46, 34],
        ...,
        [81, 48, 33],
        [85, 49, 33],
        [86, 49, 33]]], dtype=uint8), array([[[44, 40, 31],
        [44, 40, 31],
        [40, 36, 25],
        ...,
        [44, 37, 19],
        [49, 42, 23],
        [49, 42, 23]],

       [[44, 40, 31],
        [44, 40, 31],
        [40, 36, 25],
        ...,
        [44, 37, 19],
        [49, 42, 23],
        [49, 42, 23]],

       [[41, 37, 26],
        [41, 37, 26],
        [38, 34, 22],
        ...,
        [40, 33, 15],
        [45, 38, 20],
        [45, 38, 20]],

       ...,

       [[ 0,  0,  0],
        [ 0,  0,  0],
        [ 1,  0,  0],
        ...,
        [19, 15, 14],
        [17, 15, 16],
        [17, 15, 16]],

       [[ 0,  0,  0],
        [ 0,  0,  0],
        [ 1,  0,  0],
        ...,
        [21, 17, 16],
        [21, 17, 18],
        [21, 17, 18]],

       [[ 0,  0,  0],
        [ 0,  0,  0],
        [ 1,  0,  0],
        ...,
        [21, 17, 16],
        [21, 17, 18],
        [21, 17, 18]]], dtype=uint8), array([[[ 67,  61,  49],
        [ 64,  58,  46],
        [ 72,  66,  52],
        ...,
        [ 70,  81,  87],
        [ 68,  79,  85],
        [ 69,  80,  86]],

       [[ 75,  66,  49],
        [ 80,  71,  54],
        [ 92,  83,  66],
        ...,
        [ 78,  89,  95],
        [ 61,  72,  78],
        [ 60,  71,  77]],

       [[ 81,  72,  55],
        [ 83,  74,  57],
        [ 86,  77,  60],
        ...,
        [ 84,  95, 101],
        [ 62,  73,  79],
        [ 59,  70,  76]],

       ...,

       [[ 42,  34,  11],
        [ 38,  30,   9],
        [ 38,  31,  12],
        ...,
        [  0,  18,  60],
        [  1,  20,  62],
        [  1,  20,  62]],

       [[ 41,  33,  12],
        [ 35,  27,   6],
        [ 34,  27,   9],
        ...,
        [  0,  21,  64],
        [  0,  21,  64],
        [  0,  21,  64]],

       [[ 41,  33,  12],
        [ 35,  27,   8],
        [ 34,  27,   9],
        ...,
        [  0,  22,  66],
        [  0,  20,  64],
        [  0,  20,  64]]], dtype=uint8), array([[[ 16,  16,  16],
        [ 22,  22,  22],
        [ 19,  19,  19],
        ...,
        [ 34,  34,  34],
        [ 30,  30,  30],
        [ 37,  37,  37]],

       [[ 15,  15,  13],
        [ 23,  23,  21],
        [ 32,  32,  30],
        ...,
        [ 35,  35,  33],
        [ 38,  38,  38],
        [ 32,  32,  32]],

       [[ 21,  21,  21],
        [ 29,  29,  31],
        [ 32,  32,  32],
        ...,
        [ 44,  44,  42],
        [ 44,  44,  44],
        [ 33,  33,  33]],

       ...,

       [[ 25,  34,  49],
        [ 24,  36,  52],
        [ 27,  41,  52],
        ...,
        [163, 136, 106],
        [164, 136, 114],
        [163, 133, 109]],

       [[ 22,  36,  49],
        [ 24,  35,  53],
        [ 25,  38,  54],
        ...,
        [163, 136, 106],
        [165, 138, 111],
        [164, 139, 109]],

       [[ 26,  38,  52],
        [ 25,  37,  53],
        [ 25,  39,  52],
        ...,
        [162, 136, 103],
        [164, 137, 108],
        [164, 137, 108]]], dtype=uint8), array([[[251, 255, 255],
        [249, 255, 255],
        [255, 255, 250],
        ...,
        [ 95,  65,  54],
        [ 95,  65,  54],
        [ 98,  68,  57]],

       [[248, 255, 255],
        [252, 255, 255],
        [255, 243, 231],
        ...,
        [ 93,  63,  52],
        [ 93,  63,  52],
        [ 97,  67,  56]],

       [[255, 255, 248],
        [255, 246, 227],
        [238, 207, 179],
        ...,
        [ 93,  61,  50],
        [ 92,  60,  49],
        [ 95,  63,  52]],

       ...,

       [[150, 116,  91],
        [152, 116,  92],
        [152, 116,  92],
        ...,
        [ 85,  51,  26],
        [ 85,  53,  28],
        [160, 128, 103]],

       [[151, 116,  94],
        [152, 116,  94],
        [153, 117,  95],
        ...,
        [ 94,  60,  35],
        [104,  72,  47],
        [167, 135, 110]],

       [[152, 117,  95],
        [153, 117,  95],
        [153, 117,  95],
        ...,
        [101,  67,  42],
        [115,  83,  58],
        [171, 139, 114]]], dtype=uint8), array([[[ 73,  47,  30],
        [133,  83,  48],
        [161, 102,  58],
        ...,
        [ 83,  56,  29],
        [ 75,  49,  36],
        [ 88,  59,  41]],

       [[ 83,  50,  31],
        [156, 100,  63],
        [171, 110,  66],
        ...,
        [101,  71,  43],
        [ 81,  52,  38],
        [ 55,  30,  10]],

       [[108,  71,  44],
        [166, 108,  70],
        [166, 103,  60],
        ...,
        [134,  97,  68],
        [ 81,  47,  20],
        [ 69,  37,  24]],

       ...,

       [[220, 171, 138],
        [219, 173, 139],
        [223, 175, 139],
        ...,
        [137,  81,  44],
        [147,  94,  54],
        [152,  99,  59]],

       [[220, 171, 138],
        [223, 177, 144],
        [223, 174, 141],
        ...,
        [120,  74,  41],
        [131,  85,  51],
        [145,  95,  58]],

       [[214, 165, 133],
        [219, 173, 140],
        [221, 172, 139],
        ...,
        [ 95,  59,  33],
        [101,  64,  38],
        [ 92,  53,  24]]], dtype=uint8), array([[[201, 125,  50],
        [224, 155,  80],
        [228, 159,  92],
        ...,
        [138,  88,  39],
        [147,  95,  48],
        [154, 102,  54]],

       [[217, 148,  73],
        [222, 154,  83],
        [237, 167,  97],
        ...,
        [121,  70,  25],
        [128,  76,  29],
        [151,  99,  51]],

       [[230, 157,  89],
        [249, 175, 110],
        [224, 150,  79],
        ...,
        [147,  97,  48],
        [124,  74,  25],
        [135,  84,  39]],

       ...,

       [[177, 104,  49],
        [117,  54,  13],
        [124,  77,  51],
        ...,
        [178,  97,  41],
        [187, 110,  54],
        [188, 112,  50]],

       [[149,  77,  29],
        [148,  81,  38],
        [ 85,  35,   8],
        ...,
        [186, 108,  44],
        [178, 101,  47],
        [181, 105,  47]],

       [[149,  77,  27],
        [127,  62,  20],
        [ 73,  27,   3],
        ...,
        [170,  91,  24],
        [165,  90,  35],
        [154,  79,  21]]], dtype=uint8), array([[[133, 112, 117],
        [ 89,  75,  74],
        [ 77,  65,  67],
        ...,
        [ 86,  77,  70],
        [ 93,  78,  71],
        [ 95,  81,  80]],

       [[ 95,  78,  71],
        [ 84,  72,  74],
        [106,  91,  94],
        ...,
        [ 56,  45,  39],
        [ 80,  65,  62],
        [102,  76,  87]],

       [[ 97,  86,  84],
        [102,  91,  97],
        [ 95,  87,  85],
        ...,
        [ 85,  68,  60],
        [ 85,  70,  67],
        [103,  78,  81]],

       ...,

       [[ 17,  12,   9],
        [ 17,  12,   9],
        [ 22,  12,  10],
        ...,
        [ 29,  23,  23],
        [ 34,  25,  26],
        [ 35,  26,  29]],

       [[ 19,  11,   8],
        [ 21,  13,  10],
        [ 18,  15,  10],
        ...,
        [ 29,  23,  23],
        [ 35,  24,  28],
        [ 34,  25,  26]],

       [[ 25,  11,  10],
        [ 27,  13,  12],
        [ 24,  13,  11],
        ...,
        [ 29,  23,  23],
        [ 34,  28,  30],
        [ 28,  24,  23]]], dtype=uint8), array([[[11,  9, 10],
        [47, 42, 39],
        [65, 56, 51],
        ...,
        [75, 58, 51],
        [72, 63, 58],
        [64, 51, 42]],

       [[81, 71, 69],
        [48, 40, 37],
        [35, 31, 28],
        ...,
        [67, 53, 50],
        [92, 74, 64],
        [83, 63, 56]],

       [[29, 24, 20],
        [27, 25, 26],
        [59, 57, 58],
        ...,
        [53, 48, 45],
        [45, 44, 42],
        [90, 73, 66]],

       ...,

       [[ 8,  7,  5],
        [ 5,  4,  2],
        [ 3,  3,  1],
        ...,
        [60, 53, 61],
        [50, 43, 50],
        [59, 52, 59]],

       [[ 7,  6,  4],
        [ 6,  5,  3],
        [ 5,  4,  2],
        ...,
        [58, 53, 59],
        [54, 47, 54],
        [64, 57, 64]],

       [[12, 10, 11],
        [ 6,  4,  5],
        [ 4,  4,  4],
        ...,
        [63, 53, 61],
        [64, 57, 64],
        [62, 57, 63]]], dtype=uint8), array([[[ 41,  17,  33],
        [ 37,  12,  31],
        [ 38,  10,  32],
        ...,
        [ 29,   3,  28],
        [ 26,   0,  25],
        [ 30,   4,  29]],

       [[ 41,  17,  33],
        [ 39,  14,  33],
        [ 37,   9,  31],
        ...,
        [ 29,   3,  28],
        [ 26,   0,  25],
        [ 28,   2,  27]],

       [[ 36,  11,  30],
        [ 37,  12,  33],
        [ 35,  10,  32],
        ...,
        [ 25,   0,  24],
        [ 31,   5,  30],
        [ 27,   1,  26]],

       ...,

       [[ 57,  23,  47],
        [ 59,  27,  50],
        [ 60,  28,  49],
        ...,
        [ 69,  32,  50],
        [ 63,  26,  44],
        [ 65,  28,  46]],

       [[ 58,  24,  48],
        [ 59,  25,  49],
        [ 73,  41,  62],
        ...,
        [ 77,  38,  56],
        [ 65,  26,  44],
        [ 70,  31,  49]],

       [[104,  70,  97],
        [117,  84, 111],
        [106,  73, 100],
        ...,
        [ 79,  40,  58],
        [ 73,  34,  52],
        [ 73,  34,  52]]], dtype=uint8), array([[[ 59,  54,  51],
        [ 59,  54,  51],
        [ 59,  54,  51],
        ...,
        [ 42,  28,  25],
        [ 42,  28,  25],
        [ 42,  28,  25]],

       [[ 59,  54,  51],
        [ 59,  54,  51],
        [ 59,  54,  51],
        ...,
        [ 42,  28,  25],
        [ 42,  28,  25],
        [ 42,  28,  25]],

       [[ 66,  61,  58],
        [ 66,  61,  58],
        [ 66,  61,  58],
        ...,
        [ 48,  35,  29],
        [ 48,  35,  29],
        [ 48,  35,  29]],

       ...,

       [[  8,   9,  11],
        [  8,   9,  11],
        [  8,   9,  11],
        ...,
        [219, 169, 116],
        [219, 169, 116],
        [219, 169, 116]],

       [[  4,   5,   7],
        [  4,   5,   7],
        [  4,   5,   7],
        ...,
        [238, 186, 149],
        [238, 186, 149],
        [238, 186, 149]],

       [[  4,   5,   7],
        [  4,   5,   7],
        [  4,   5,   7],
        ...,
        [238, 186, 149],
        [238, 186, 149],
        [238, 186, 149]]], dtype=uint8), array([[[225, 224, 220],
        [224, 223, 219],
        [224, 223, 219],
        ...,
        [ 89,  81,  45],
        [ 68,  59,  26],
        [ 58,  52,  20]],

       [[225, 224, 220],
        [224, 223, 219],
        [224, 223, 219],
        ...,
        [ 97,  89,  53],
        [ 80,  71,  38],
        [ 66,  60,  28]],

       [[225, 224, 220],
        [225, 224, 220],
        [225, 224, 220],
        ...,
        [119, 111,  75],
        [117, 108,  75],
        [ 95,  89,  57]],

       ...,

       [[225, 224, 220],
        [225, 224, 220],
        [225, 224, 220],
        ...,
        [ 31,  12,   8],
        [ 25,   6,   0],
        [ 23,   6,   0]],

       [[225, 224, 220],
        [225, 224, 220],
        [225, 224, 220],
        ...,
        [ 22,   6,   6],
        [ 16,   2,   0],
        [ 16,   2,   0]],

       [[225, 224, 220],
        [225, 224, 220],
        [225, 224, 220],
        ...,
        [ 22,   7,   4],
        [ 18,   4,   1],
        [ 18,   4,   1]]], dtype=uint8), array([[[ 14,  17,  10],
        [ 14,  17,  10],
        [ 14,  17,  10],
        ...,
        [100,  95,  91],
        [ 99,  96,  91],
        [ 99,  96,  91]],

       [[ 14,  16,  11],
        [ 14,  16,  11],
        [ 12,  17,  11],
        ...,
        [103,  98,  94],
        [103, 100,  95],
        [103, 100,  95]],

       [[ 14,  16,  11],
        [ 14,  16,  11],
        [ 12,  17,  11],
        ...,
        [103,  98,  94],
        [103, 100,  95],
        [103, 100,  95]],

       ...,

       [[ 35,  35,  27],
        [ 35,  35,  27],
        [ 36,  36,  28],
        ...,
        [ 80,  69,  65],
        [ 80,  69,  65],
        [ 80,  69,  65]],

       [[ 35,  35,  27],
        [ 35,  35,  27],
        [ 36,  36,  28],
        ...,
        [ 80,  69,  65],
        [ 80,  69,  65],
        [ 80,  69,  65]],

       [[ 36,  36,  28],
        [ 36,  36,  28],
        [ 38,  38,  30],
        ...,
        [ 77,  66,  62],
        [ 75,  64,  60],
        [ 75,  64,  60]]], dtype=uint8), array([[[  4,   2,   3],
        [  5,   3,   4],
        [  5,   3,   4],
        ...,
        [  6,  11,   5],
        [  3,   8,   2],
        [  4,   9,   3]],

       [[  5,   3,   4],
        [  5,   3,   4],
        [  5,   3,   4],
        ...,
        [ 25,  27,  22],
        [ 22,  24,  19],
        [ 21,  23,  18]],

       [[  6,   4,   5],
        [  5,   3,   4],
        [  5,   3,   4],
        ...,
        [ 35,  36,  31],
        [ 35,  36,  31],
        [ 35,  36,  31]],

       ...,

       [[210, 132,  93],
        [214, 132,  92],
        [213, 131,  91],
        ...,
        [139,  11,  26],
        [153,   3,  30],
        [158,   0,  33]],

       [[212, 138,  93],
        [214, 133,  90],
        [215, 134,  91],
        ...,
        [129,  19,  32],
        [140,  13,  32],
        [146,   8,  31]],

       [[209, 134,  92],
        [216, 134,  94],
        [217, 135,  95],
        ...,
        [118,  23,  31],
        [127,  19,  32],
        [132,  14,  30]]], dtype=uint8), array([[[218, 186, 171],
        [205, 174, 156],
        [196, 163, 144],
        ...,
        [248, 222, 205],
        [247, 221, 204],
        [242, 219, 203]],

       [[195, 167, 153],
        [193, 164, 148],
        [189, 158, 140],
        ...,
        [233, 204, 186],
        [235, 208, 191],
        [237, 210, 193]],

       [[196, 168, 156],
        [193, 164, 150],
        [187, 158, 142],
        ...,
        [226, 195, 177],
        [224, 195, 177],
        [226, 197, 181]],

       ...,

       [[233, 228, 222],
        [233, 228, 222],
        [233, 228, 222],
        ...,
        [233, 228, 222],
        [233, 228, 222],
        [232, 227, 221]],

       [[233, 228, 222],
        [233, 228, 222],
        [233, 228, 222],
        ...,
        [232, 227, 221],
        [232, 227, 221],
        [231, 226, 220]],

       [[233, 228, 222],
        [233, 228, 222],
        [233, 228, 222],
        ...,
        [228, 223, 217],
        [228, 223, 217],
        [227, 222, 216]]], dtype=uint8), array([[[ 9, 26, 42],
        [ 8, 25, 41],
        [ 9, 26, 42],
        ...,
        [37, 49, 65],
        [33, 46, 62],
        [31, 44, 60]],

       [[ 4, 21, 37],
        [ 6, 23, 39],
        [12, 29, 45],
        ...,
        [37, 49, 65],
        [33, 46, 62],
        [33, 46, 62]],

       [[ 5, 22, 38],
        [10, 27, 43],
        [16, 33, 49],
        ...,
        [38, 50, 66],
        [34, 47, 63],
        [34, 47, 63]],

       ...,

       [[12, 28, 44],
        [13, 29, 45],
        [13, 29, 45],
        ...,
        [ 2, 19, 35],
        [ 5, 22, 38],
        [ 6, 23, 39]],

       [[15, 31, 47],
        [16, 32, 48],
        [15, 31, 47],
        ...,
        [ 3, 20, 36],
        [ 6, 23, 39],
        [ 8, 25, 41]],

       [[14, 30, 46],
        [14, 30, 46],
        [13, 29, 45],
        ...,
        [ 2, 19, 35],
        [ 4, 21, 37],
        [ 6, 23, 39]]], dtype=uint8), array([[[43, 38, 35],
        [32, 27, 24],
        [33, 28, 25],
        ...,
        [68, 63, 60],
        [73, 68, 65],
        [77, 74, 67]],

       [[46, 41, 38],
        [36, 31, 28],
        [33, 28, 25],
        ...,
        [68, 63, 60],
        [67, 62, 59],
        [71, 68, 61]],

       [[43, 38, 35],
        [39, 34, 31],
        [37, 32, 29],
        ...,
        [57, 52, 49],
        [59, 54, 51],
        [59, 56, 49]],

       ...,

       [[34, 24, 25],
        [41, 31, 32],
        [46, 37, 38],
        ...,
        [53, 43, 42],
        [51, 41, 39],
        [56, 47, 40]],

       [[38, 28, 29],
        [44, 33, 37],
        [49, 38, 42],
        ...,
        [79, 69, 68],
        [85, 75, 74],
        [92, 80, 80]],

       [[38, 28, 29],
        [46, 35, 39],
        [49, 38, 42],
        ...,
        [79, 69, 68],
        [85, 75, 74],
        [91, 79, 79]]], dtype=uint8), array([[[102, 101, 107],
        [ 94,  93,  99],
        [ 93,  92,  98],
        ...,
        [179, 176, 169],
        [184, 181, 174],
        [185, 182, 175]],

       [[106, 105, 111],
        [ 99,  98, 104],
        [ 98,  97, 103],
        ...,
        [174, 171, 164],
        [177, 174, 167],
        [182, 179, 172]],

       [[108, 107, 112],
        [103, 102, 107],
        [102, 101, 106],
        ...,
        [173, 170, 163],
        [175, 172, 165],
        [181, 178, 171]],

       ...,

       [[ 15,  16,  10],
        [ 21,  22,  16],
        [ 30,  31,  25],
        ...,
        [ 32,  30,  18],
        [ 34,  32,  20],
        [ 33,  31,  19]],

       [[ 15,  16,  10],
        [ 22,  23,  17],
        [ 30,  31,  25],
        ...,
        [ 31,  29,  17],
        [ 34,  32,  20],
        [ 33,  31,  19]],

       [[ 16,  17,  11],
        [ 24,  25,  19],
        [ 31,  32,  26],
        ...,
        [ 31,  29,  17],
        [ 34,  32,  20],
        [ 33,  31,  19]]], dtype=uint8), array([[[ 32,  30,  41],
        [ 33,  31,  42],
        [ 34,  32,  45],
        ...,
        [ 43,  39,  53],
        [ 44,  40,  54],
        [ 45,  41,  55]],

       [[ 33,  31,  42],
        [ 34,  32,  43],
        [ 33,  31,  44],
        ...,
        [ 43,  39,  53],
        [ 44,  40,  54],
        [ 45,  41,  55]],

       [[ 32,  30,  41],
        [ 32,  30,  41],
        [ 29,  27,  40],
        ...,
        [ 43,  39,  53],
        [ 44,  40,  54],
        [ 45,  41,  55]],

       ...,

       [[ 51,  45,  59],
        [ 92,  86, 100],
        [105,  99, 111],
        ...,
        [ 62,  57,  64],
        [ 58,  53,  60],
        [ 50,  45,  52]],

       [[ 63,  57,  71],
        [120, 114, 128],
        [122, 116, 128],
        ...,
        [ 65,  60,  67],
        [ 66,  61,  68],
        [ 63,  58,  65]],

       [[ 72,  66,  80],
        [135, 129, 143],
        [130, 124, 136],
        ...,
        [ 55,  50,  57],
        [ 59,  54,  61],
        [ 65,  60,  67]]], dtype=uint8), array([[[253, 253, 253],
        [253, 253, 253],
        [255, 255, 255],
        ...,
        [  0,   0,   0],
        [  0,   0,   0],
        [  0,   0,   0]],

       [[252, 252, 252],
        [252, 252, 252],
        [251, 251, 251],
        ...,
        [  2,   2,   2],
        [  2,   2,   2],
        [  2,   2,   2]],

       [[251, 251, 251],
        [251, 251, 251],
        [250, 250, 250],
        ...,
        [  3,   3,   3],
        [  3,   3,   3],
        [  3,   3,   3]],

       ...,

       [[246, 186, 152],
        [247, 187, 153],
        [245, 182, 149],
        ...,
        [ 75,  75,  73],
        [122, 122, 120],
        [155, 155, 153]],

       [[245, 185, 151],
        [247, 187, 153],
        [246, 183, 150],
        ...,
        [ 81,  81,  79],
        [113, 113, 111],
        [155, 155, 153]],

       [[241, 181, 147],
        [245, 185, 151],
        [247, 184, 151],
        ...,
        [ 79,  79,  77],
        [102, 102, 100],
        [158, 158, 156]]], dtype=uint8), array([[[16, 12, 13],
        [17, 13, 14],
        [18, 14, 15],
        ...,
        [17, 13, 14],
        [16, 12, 13],
        [16, 12, 13]],

       [[16, 12, 13],
        [17, 13, 14],
        [18, 14, 15],
        ...,
        [17, 13, 14],
        [17, 13, 14],
        [16, 12, 13]],

       [[16, 12, 13],
        [17, 13, 14],
        [18, 14, 15],
        ...,
        [17, 13, 14],
        [17, 13, 14],
        [17, 13, 14]],

       ...,

       [[14, 10, 11],
        [12,  8,  9],
        [10,  6,  7],
        ...,
        [10,  6,  7],
        [11,  5,  7],
        [11,  5,  7]],

       [[15, 11, 12],
        [13,  9, 10],
        [11,  7,  8],
        ...,
        [ 8,  4,  5],
        [10,  4,  6],
        [11,  5,  7]],

       [[15, 11, 12],
        [13,  9, 10],
        [11,  7,  8],
        ...,
        [ 8,  4,  5],
        [10,  4,  6],
        [11,  5,  7]]], dtype=uint8), array([[[ 76,   3,  10],
        [ 78,   1,   7],
        [ 78,   2,   6],
        ...,
        [150,  90,  80],
        [144,  81,  72],
        [132,  68,  59]],

       [[ 75,   2,   9],
        [ 76,   1,   6],
        [ 76,   1,   5],
        ...,
        [165, 105,  95],
        [156,  93,  84],
        [137,  73,  64]],

       [[ 71,   5,   9],
        [ 72,   6,  10],
        [ 75,   6,  11],
        ...,
        [168, 124, 115],
        [162, 113, 106],
        [146,  91,  84]],

       ...,

       [[240, 240, 232],
        [236, 237, 229],
        [228, 231, 222],
        ...,
        [248, 250, 237],
        [250, 252, 239],
        [251, 253, 240]],

       [[235, 239, 224],
        [229, 236, 220],
        [223, 230, 214],
        ...,
        [252, 254, 241],
        [253, 255, 242],
        [253, 255, 242]],

       [[229, 233, 218],
        [225, 232, 216],
        [222, 229, 213],
        ...,
        [253, 255, 242],
        [252, 254, 241],
        [253, 255, 242]]], dtype=uint8), array([[[ 54,  59,  52],
        [ 49,  51,  48],
        [ 49,  51,  48],
        ...,
        [156, 198, 150],
        [132, 172, 122],
        [ 97, 137,  87]],

       [[ 53,  58,  51],
        [ 51,  51,  49],
        [ 51,  51,  49],
        ...,
        [171, 213, 165],
        [142, 181, 134],
        [109, 149,  99]],

       [[ 50,  55,  48],
        [ 50,  50,  48],
        [ 50,  50,  48],
        ...,
        [185, 227, 181],
        [152, 194, 146],
        [124, 163, 116]],

       ...,

       [[ 25,  26,  28],
        [ 24,  25,  27],
        [ 22,  23,  25],
        ...,
        [ 35,  29,  29],
        [ 35,  29,  29],
        [ 33,  27,  27]],

       [[ 27,  28,  30],
        [ 24,  25,  27],
        [ 22,  23,  25],
        ...,
        [ 35,  29,  29],
        [ 35,  29,  29],
        [ 33,  27,  27]],

       [[ 29,  30,  32],
        [ 25,  26,  28],
        [ 22,  23,  25],
        ...,
        [ 35,  29,  29],
        [ 34,  28,  28],
        [ 33,  27,  27]]], dtype=uint8), array([[[33, 19, 45],
        [34, 20, 46],
        [35, 21, 47],
        ...,
        [35, 27, 51],
        [40, 32, 56],
        [45, 41, 66]],

       [[33, 19, 45],
        [34, 20, 46],
        [35, 21, 47],
        ...,
        [42, 34, 58],
        [40, 32, 56],
        [32, 28, 53]],

       [[33, 19, 45],
        [34, 20, 46],
        [35, 21, 47],
        ...,
        [46, 38, 62],
        [41, 33, 57],
        [26, 22, 47]],

       ...,

       [[38, 23, 56],
        [38, 23, 56],
        [38, 23, 56],
        ...,
        [31, 16, 45],
        [33, 18, 47],
        [34, 19, 52]],

       [[37, 22, 55],
        [38, 23, 56],
        [41, 26, 59],
        ...,
        [30, 15, 44],
        [32, 17, 46],
        [31, 16, 49]],

       [[33, 18, 51],
        [36, 21, 54],
        [43, 28, 61],
        ...,
        [29, 14, 43],
        [31, 16, 45],
        [31, 16, 49]]], dtype=uint8), array([[[ 34,  52,  62],
        [ 28,  39,  45],
        [ 16,  30,  41],
        ...,
        [197, 178, 171],
        [188, 169, 162],
        [198, 179, 173]],

       [[ 42,  61,  75],
        [ 23,  32,  39],
        [ 17,  27,  36],
        ...,
        [207, 189, 177],
        [203, 185, 175],
        [198, 179, 172]],

       [[ 30,  47,  54],
        [ 27,  34,  53],
        [ 23,  33,  42],
        ...,
        [206, 186, 175],
        [206, 186, 175],
        [201, 181, 172]],

       ...,

       [[  5,  13,  16],
        [  5,  13,  15],
        [  8,  18,  19],
        ...,
        [ 16,  20,  23],
        [ 19,  20,  25],
        [ 25,  24,  32]],

       [[  6,  14,  17],
        [  6,  14,  16],
        [ 10,  15,  18],
        ...,
        [ 29,  30,  32],
        [ 36,  34,  37],
        [ 37,  30,  37]],

       [[  6,  11,  15],
        [  8,  13,  16],
        [  9,  14,  17],
        ...,
        [ 31,  37,  37],
        [ 28,  32,  33],
        [ 22,  23,  25]]], dtype=uint8), array([[[ 78,  56,  42],
        [ 80,  61,  46],
        [ 84,  65,  50],
        ...,
        [ 89,  76,  68],
        [ 91,  78,  70],
        [ 92,  79,  71]],

       [[ 86,  67,  52],
        [ 91,  72,  58],
        [ 98,  80,  68],
        ...,
        [ 88,  75,  67],
        [ 90,  77,  69],
        [ 92,  79,  71]],

       [[ 86,  68,  54],
        [ 91,  73,  61],
        [ 98,  80,  70],
        ...,
        [ 84,  71,  63],
        [ 87,  74,  66],
        [ 90,  77,  69]],

       ...,

       [[235, 205, 207],
        [234, 204, 206],
        [230, 200, 202],
        ...,
        [ 46,  36,  27],
        [ 49,  39,  30],
        [ 53,  43,  34]],

       [[243, 213, 215],
        [242, 212, 214],
        [240, 210, 212],
        ...,
        [ 47,  37,  28],
        [ 50,  40,  31],
        [ 54,  44,  35]],

       [[246, 216, 218],
        [245, 215, 217],
        [243, 213, 215],
        ...,
        [ 49,  39,  30],
        [ 52,  42,  33],
        [ 56,  46,  37]]], dtype=uint8), array([[[23, 18, 12],
        [16, 17,  9],
        [16, 17,  9],
        ...,
        [50, 40, 38],
        [49, 39, 37],
        [50, 39, 37]],

       [[22, 17, 13],
        [14, 15,  7],
        [14, 15,  7],
        ...,
        [42, 34, 31],
        [44, 34, 32],
        [44, 34, 32]],

       [[20, 17, 12],
        [14, 15,  7],
        [14, 15,  7],
        ...,
        [32, 24, 21],
        [38, 30, 27],
        [45, 35, 33]],

       ...,

       [[32, 25, 19],
        [41, 33, 22],
        [38, 28, 18],
        ...,
        [93, 60, 29],
        [95, 62, 31],
        [99, 66, 33]],

       [[32, 23, 18],
        [32, 24, 13],
        [35, 25, 15],
        ...,
        [92, 58, 30],
        [91, 58, 27],
        [91, 58, 27]],

       [[32, 23, 18],
        [35, 27, 16],
        [38, 28, 18],
        ...,
        [81, 50, 21],
        [85, 54, 25],
        [89, 58, 27]]], dtype=uint8), array([[[ 91,  78,  88],
        [ 93,  80,  90],
        [ 93,  80,  90],
        ...,
        [102,  92, 103],
        [100,  90, 101],
        [ 96,  88,  99]],

       [[ 92,  79,  89],
        [ 93,  80,  90],
        [ 93,  80,  90],
        ...,
        [105,  92, 101],
        [101,  90,  98],
        [ 99,  87,  97]],

       [[ 93,  80,  90],
        [ 94,  81,  91],
        [ 93,  80,  90],
        ...,
        [109,  94, 101],
        [104,  91,  98],
        [102,  89,  98]],

       ...,

       [[172, 134, 125],
        [172, 134, 125],
        [172, 134, 125],
        ...,
        [194, 180, 171],
        [193, 179, 170],
        [191, 177, 168]],

       [[172, 133, 126],
        [172, 134, 125],
        [172, 134, 125],
        ...,
        [194, 180, 171],
        [195, 181, 172],
        [196, 182, 173]],

       [[167, 134, 127],
        [169, 136, 129],
        [170, 137, 130],
        ...,
        [176, 162, 149],
        [180, 166, 153],
        [182, 168, 155]]], dtype=uint8), array([[[ 48,  35,  29],
        [ 51,  36,  31],
        [ 51,  36,  29],
        ...,
        [ 42,  26,  11],
        [ 34,  18,   3],
        [ 32,  16,   1]],

       [[ 49,  36,  30],
        [ 50,  35,  30],
        [ 49,  34,  27],
        ...,
        [ 45,  29,  14],
        [ 36,  20,   5],
        [ 32,  16,   1]],

       [[ 49,  36,  30],
        [ 46,  31,  26],
        [ 42,  27,  20],
        ...,
        [ 56,  40,  25],
        [ 46,  30,  15],
        [ 37,  21,   6]],

       ...,

       [[179,  64,  67],
        [185,  69,  72],
        [199,  80,  84],
        ...,
        [ 21,   7,   7],
        [ 20,   6,   6],
        [ 21,   7,   7]],

       [[170,  62,  62],
        [173,  63,  64],
        [173,  60,  62],
        ...,
        [ 22,   8,   8],
        [ 22,   8,   8],
        [ 23,   9,   9]],

       [[179,  77,  75],
        [172,  68,  67],
        [160,  56,  55],
        ...,
        [ 22,   8,   8],
        [ 23,   9,   9],
        [ 25,  11,  11]]], dtype=uint8), array([[[ 18,  12,  12],
        [ 17,  11,  11],
        [ 16,  10,  10],
        ...,
        [ 52,  16,   2],
        [ 46,  16,   6],
        [ 48,  20,  16]],

       [[ 16,  10,  10],
        [ 15,   9,   9],
        [ 15,   9,   9],
        ...,
        [ 63,  25,  12],
        [ 59,  27,  16],
        [ 55,  26,  20]],

       [[ 18,  12,  12],
        [ 18,  12,  12],
        [ 18,  12,  12],
        ...,
        [ 67,  28,  13],
        [ 66,  32,  22],
        [ 45,  15,   7]],

       ...,

       [[  2,   2,   2],
        [  2,   2,   2],
        [  2,   2,   2],
        ...,
        [153,  66,  36],
        [150,  63,  33],
        [146,  61,  32]],

       [[  2,   2,   2],
        [  2,   2,   2],
        [  2,   2,   2],
        ...,
        [152,  65,  35],
        [148,  61,  31],
        [145,  60,  31]],

       [[  2,   2,   2],
        [  2,   2,   2],
        [  2,   2,   2],
        ...,
        [152,  65,  35],
        [148,  61,  31],
        [144,  59,  30]]], dtype=uint8), array([[[ 26,  26,  26],
        [ 26,  26,  26],
        [ 26,  26,  26],
        ...,
        [ 44,  45,  40],
        [ 44,  45,  39],
        [ 44,  45,  39]],

       [[ 29,  29,  29],
        [ 29,  29,  29],
        [ 29,  29,  29],
        ...,
        [ 41,  42,  37],
        [ 42,  43,  37],
        [ 42,  43,  37]],

       [[ 30,  30,  30],
        [ 30,  30,  30],
        [ 30,  30,  30],
        ...,
        [ 39,  40,  35],
        [ 40,  41,  35],
        [ 41,  42,  36]],

       ...,

       [[ 30,  28,  29],
        [ 29,  27,  28],
        [ 29,  27,  28],
        ...,
        [185,  19,  31],
        [187,  21,  33],
        [187,  23,  32]],

       [[ 30,  28,  29],
        [ 29,  27,  28],
        [ 27,  25,  26],
        ...,
        [181,  19,  32],
        [181,  21,  33],
        [177,  20,  31]],

       [[ 30,  28,  29],
        [ 29,  27,  28],
        [ 27,  25,  26],
        ...,
        [145,   8,  16],
        [147,  10,  18],
        [147,  12,  19]]], dtype=uint8), array([[[ 51,  37,  34],
        [ 50,  34,  34],
        [ 47,  31,  31],
        ...,
        [ 47,  35,  45],
        [ 45,  33,  43],
        [ 44,  32,  42]],

       [[ 50,  36,  35],
        [ 48,  34,  33],
        [ 47,  31,  31],
        ...,
        [ 48,  36,  46],
        [ 47,  35,  45],
        [ 46,  34,  44]],

       [[ 47,  33,  32],
        [ 46,  32,  31],
        [ 46,  30,  30],
        ...,
        [ 52,  41,  49],
        [ 52,  41,  49],
        [ 52,  40,  50]],

       ...,

       [[ 44,  27,  19],
        [ 56,  39,  31],
        [ 71,  54,  47],
        ...,
        [190, 144, 110],
        [187, 142, 109],
        [179, 135, 106]],

       [[ 47,  30,  22],
        [ 62,  45,  37],
        [ 77,  60,  53],
        ...,
        [190, 146, 111],
        [185, 140, 107],
        [175, 132, 100]],

       [[ 53,  36,  28],
        [ 70,  53,  45],
        [ 85,  68,  60],
        ...,
        [186, 142, 107],
        [182, 137, 104],
        [174, 131,  99]]], dtype=uint8), array([[[ 30,  20,  29],
        [ 30,  20,  31],
        [ 30,  20,  31],
        ...,
        [  8,  10,   9],
        [  8,  10,   9],
        [  7,   9,   8]],

       [[ 31,  21,  30],
        [ 30,  20,  31],
        [ 30,  20,  31],
        ...,
        [  8,  10,   9],
        [  8,  10,   9],
        [  7,   9,   8]],

       [[ 35,  23,  33],
        [ 32,  22,  33],
        [ 32,  22,  33],
        ...,
        [  7,   9,   8],
        [  7,   9,   8],
        [  7,   9,   8]],

       ...,

       [[147, 119, 105],
        [145, 117, 103],
        [145, 117, 103],
        ...,
        [ 13,  11,  14],
        [ 13,  11,  14],
        [ 13,   8,  12]],

       [[147, 119, 105],
        [146, 117, 103],
        [146, 117, 103],
        ...,
        [  9,   7,  10],
        [  9,   7,  10],
        [ 10,   8,  11]],

       [[147, 119, 105],
        [147, 118, 104],
        [147, 118, 104],
        ...,
        [  5,   3,   6],
        [  5,   3,   6],
        [  9,   7,  10]]], dtype=uint8), array([[[204, 172, 161],
        [179, 149, 138],
        [139, 109,  99],
        ...,
        [ 40,  24,   9],
        [ 35,  19,   4],
        [ 34,  16,   2]],

       [[149, 120, 112],
        [128,  99,  91],
        [104,  77,  70],
        ...,
        [ 56,  43,  27],
        [ 49,  33,  18],
        [ 47,  31,  16]],

       [[114,  86,  83],
        [107,  82,  78],
        [ 92,  68,  66],
        ...,
        [ 57,  43,  30],
        [ 52,  36,  23],
        [ 51,  35,  22]],

       ...,

       [[133, 135,  34],
        [131, 136,  34],
        [132, 137,  35],
        ...,
        [241, 144,  67],
        [242, 145,  68],
        [242, 146,  70]],

       [[123, 127,  40],
        [123, 127,  40],
        [124, 128,  44],
        ...,
        [243, 143,  68],
        [243, 143,  68],
        [243, 142,  70]],

       [[116, 121,  41],
        [114, 119,  39],
        [106, 110,  34],
        ...,
        [243, 143,  68],
        [243, 143,  68],
        [243, 142,  70]]], dtype=uint8), array([[[50, 50, 52],
        [49, 49, 51],
        [49, 49, 51],
        ...,
        [ 0,  0,  0],
        [ 0,  0,  0],
        [ 0,  0,  0]],

       [[34, 34, 36],
        [35, 35, 37],
        [35, 35, 37],
        ...,
        [ 0,  0,  0],
        [ 0,  0,  0],
        [ 0,  0,  0]],

       [[18, 18, 20],
        [22, 22, 24],
        [22, 22, 24],
        ...,
        [ 0,  0,  0],
        [ 0,  0,  0],
        [ 0,  0,  0]],

       ...,

       [[ 0,  0,  0],
        [ 0,  0,  0],
        [ 0,  0,  0],
        ...,
        [ 0,  0,  0],
        [ 0,  0,  0],
        [ 0,  0,  0]],

       [[ 0,  0,  0],
        [ 0,  0,  0],
        [ 0,  0,  0],
        ...,
        [ 0,  0,  0],
        [ 0,  0,  0],
        [ 0,  0,  0]],

       [[ 0,  0,  0],
        [ 0,  0,  0],
        [ 0,  0,  0],
        ...,
        [ 0,  0,  0],
        [ 0,  0,  0],
        [ 0,  0,  0]]], dtype=uint8), array([[[ 89,  69,  78],
        [ 89,  69,  78],
        [ 90,  70,  79],
        ...,
        [110,  89,  96],
        [108,  87,  94],
        [102,  81,  88]],

       [[ 89,  69,  78],
        [ 90,  70,  79],
        [ 91,  71,  80],
        ...,
        [109,  88,  95],
        [105,  84,  91],
        [114,  93, 100]],

       [[ 91,  71,  80],
        [ 93,  73,  82],
        [ 95,  75,  84],
        ...,
        [110,  89,  96],
        [110,  89,  96],
        [110,  89,  96]],

       ...,

       [[ 75,  55,  64],
        [ 75,  55,  64],
        [ 74,  54,  63],
        ...,
        [117,  94, 102],
        [117,  94, 102],
        [113,  90,  98]],

       [[ 73,  53,  62],
        [ 72,  52,  61],
        [ 71,  51,  60],
        ...,
        [120,  97, 105],
        [120,  97, 105],
        [113,  90,  98]],

       [[ 73,  53,  62],
        [ 72,  52,  61],
        [ 71,  51,  60],
        ...,
        [115,  92, 100],
        [115,  92, 100],
        [115,  92, 100]]], dtype=uint8), array([[[ 19,   1,   1],
        [ 19,   1,   1],
        [ 19,   1,   1],
        ...,
        [ 53,  18,   0],
        [ 57,  21,   0],
        [ 59,  21,   0]],

       [[ 19,   1,   1],
        [ 19,   1,   1],
        [ 19,   1,   1],
        ...,
        [ 50,  17,   0],
        [ 55,  20,   0],
        [ 58,  22,   0]],

       [[ 18,   0,   0],
        [ 19,   1,   1],
        [ 20,   0,   1],
        ...,
        [ 49,  16,   1],
        [ 52,  19,   2],
        [ 56,  21,   1]],

       ...,

       [[  1,   1,   1],
        [  1,   1,   1],
        [  1,   1,   1],
        ...,
        [238, 145,  39],
        [238, 145,  39],
        [238, 145,  39]],

       [[  1,   1,   1],
        [  1,   1,   1],
        [  1,   1,   1],
        ...,
        [238, 145,  39],
        [238, 145,  39],
        [238, 145,  39]],

       [[  1,   1,   1],
        [  1,   1,   1],
        [  1,   1,   1],
        ...,
        [239, 146,  40],
        [239, 146,  40],
        [239, 146,  40]]], dtype=uint8), array([[[ 29,  30,  34],
        [ 36,  37,  41],
        [ 43,  44,  48],
        ...,
        [ 20,  24,  25],
        [ 18,  22,  23],
        [ 17,  21,  22]],

       [[ 23,  24,  28],
        [ 28,  29,  33],
        [ 34,  35,  39],
        ...,
        [ 26,  30,  31],
        [ 23,  27,  28],
        [ 22,  26,  27]],

       [[ 27,  28,  32],
        [ 31,  32,  36],
        [ 33,  34,  38],
        ...,
        [ 32,  36,  37],
        [ 30,  34,  35],
        [ 28,  32,  33]],

       ...,

       [[138, 128, 119],
        [136, 126, 117],
        [135, 122, 113],
        ...,
        [ 86,  52,  27],
        [ 88,  56,  33],
        [ 93,  61,  38]],

       [[188, 175, 166],
        [189, 175, 164],
        [188, 174, 163],
        ...,
        [ 89,  57,  34],
        [ 91,  59,  36],
        [ 93,  61,  38]],

       [[200, 181, 166],
        [202, 183, 168],
        [206, 185, 168],
        ...,
        [ 98,  67,  46],
        [101,  70,  49],
        [101,  70,  49]]], dtype=uint8), array([[[ 16,   9,   3],
        [ 16,   9,   3],
        [ 16,   9,   3],
        ...,
        [ 37,  34,  27],
        [ 37,  34,  27],
        [ 37,  34,  27]],

       [[ 17,  10,   4],
        [ 19,  10,   5],
        [ 19,  10,   5],
        ...,
        [ 49,  46,  39],
        [ 49,  46,  39],
        [ 48,  45,  38]],

       [[ 18,   9,   4],
        [ 18,   9,   4],
        [ 18,   9,   4],
        ...,
        [ 48,  45,  38],
        [ 48,  45,  38],
        [ 48,  45,  38]],

       ...,

       [[ 95,  70,  39],
        [105,  78,  49],
        [105,  78,  49],
        ...,
        [  9,   5,   2],
        [  9,   5,   2],
        [  6,   3,   0]],

       [[119,  93,  60],
        [116,  87,  55],
        [116,  87,  55],
        ...,
        [ 10,   6,   3],
        [ 10,   6,   3],
        [  7,   4,   0]],

       [[126,  96,  62],
        [125,  92,  59],
        [125,  92,  59],
        ...,
        [ 12,   8,   5],
        [ 12,   8,   5],
        [  8,   5,   0]]], dtype=uint8), array([[[ 29,  27,  30],
        [ 29,  27,  30],
        [ 26,  24,  27],
        ...,
        [249, 248, 244],
        [248, 248, 248],
        [248, 248, 248]],

       [[ 29,  27,  30],
        [ 29,  27,  30],
        [ 26,  24,  27],
        ...,
        [249, 248, 244],
        [248, 248, 248],
        [248, 248, 248]],

       [[ 25,  24,  32],
        [ 25,  24,  32],
        [ 23,  23,  33],
        ...,
        [255, 250, 251],
        [249, 249, 249],
        [249, 249, 249]],

       ...,

       [[ 37,  31,  33],
        [ 37,  31,  33],
        [ 38,  32,  34],
        ...,
        [ 23,  15,  26],
        [ 28,  18,  27],
        [ 28,  18,  27]],

       [[ 33,  27,  29],
        [ 33,  27,  29],
        [ 35,  29,  31],
        ...,
        [ 25,  17,  28],
        [ 29,  19,  28],
        [ 29,  19,  28]],

       [[ 33,  27,  29],
        [ 33,  27,  29],
        [ 35,  29,  31],
        ...,
        [ 25,  17,  28],
        [ 29,  19,  28],
        [ 29,  19,  28]]], dtype=uint8)]"
